name,yard,equipment,day,order,move
SS10,SS,8.0 EP,MF,1,3809
SS10,SS,8.0 EP,MF,2,3828
SS10,SS,8.0 EP,MF,3,3829
SS10,SS,8.0 EP,MF,4,3842
SS10,SS,8.0 EP,MF,5,3855
SS10,SS,8.0 EP,MF,6,3866
SS10,SS,8.0 EP,MF,7,6663
SS10,SS,8.0 EP,MF,8,682
SS10,SS,8.0 EP,MF,9,XT37
SS12,SS,8.0 EP,MF,1,X373
SS12,SS,8.0 EP,MF,2,3704
SS12,SS,8.0 EP,MF,3,3821
SS12,SS,8.0 EP,MF,4,3834
SS12,SS,8.0 EP,MF,5,6625
SS12,SS,8.0 EP,MF,6,6650
SS12,SS,8.0 EP,MF,7,6343
SS12,SS,8.0 EP,MF,8,X632
SS12,SS,8.0 EP,MF,9,3279
SS12,SS,8.0 EP,MF,10,X322
SS12,SS,8.0 EP,MF,11,3297
SS13,SS,8.0 EP,MF,1,3813
SS13,SS,8.0 EP,MF,2,3930
SS13,SS,8.0 EP,MF,3,3235
SS13,SS,8.0 EP,MF,4,X320
SS13,SS,8.0 EP,MF,5,3513
SS13,SS,8.0 EP,MF,6,3514
SS13,SS,8.0 EP,MF,7,3885
SS13,SS,8.0 EP,MF,8,3888
SS14,SS,8.0 EP,MF,1,3215
SS14,SS,8.0 EP,MF,2,3228
SS14,SS,8.0 EP,MF,3,X667
SS14,SS,8.0 EP,MF,4,6648
SS14,SS,8.0 EP,MF,5,6253
SS14,SS,8.0 EP,MF,6,6252
SS14,SS,8.0 EP,MF,7,6355
SS14,SS,8.0 EP,MF,8,X634
SS14,SS,8.0 EP,MF,9,6293
NY10,NY,9.0 ML,MF,1,3503
NY10,NY,9.0 ML,MF,2,3502
NY10,NY,9.0 ML,MF,3,3915
NY10,NY,9.0 ML,MF,4,3846
NY10,NY,9.0 ML,MF,5,6251
NY10,NY,9.0 ML,MF,6,6248
NY10,NY,9.0 ML,MF,7,3953
NY10,NY,9.0 ML,MF,8,3876
NY10,NY,9.0 ML,MF,9,6677
MV07,MV,8.0 DM,MF,1,3800
MV07,MV,8.0 DM,MF,2,3209
MV07,MV,8.0 DM,MF,3,3224
MV07,MV,8.0 DM,MF,4,3373
MV08,MV,6.0 MU,MF,1,5800
MV08,MV,6.0 MU,MF,2,X581
MV08,MV,6.0 MU,MF,3,3700
MV08,MV,6.0 MU,MF,4,3817
MV08,MV,6.0 MU,MF,5,3936
MV09,MV,9.0 ML,MF,1,3806
MV09,MV,9.0 ML,MF,2,3701
MV09,MV,9.0 ML,MF,3,3708
MV09,MV,9.0 ML,MF,4,6219
MV09,MV,9.0 ML,MF,5,6222
MV09,MV,9.0 ML,MF,6,3839
MV09,MV,9.0 ML,MF,7,3856
MV09,MV,9.0 ML,MF,8,6647
MV09,MV,9.0 ML,MF,9,6670
MV09,MV,9.0 ML,MF,10,6671
MV09,MV,9.0 ML,MF,11,X608
MV10,MV,12.0 MU,MF,1,3808
MV10,MV,12.0 MU,MF,2,X375
MV10,MV,12.0 MU,MF,3,3710
MV10,MV,12.0 MU,MF,4,3727
MV11,MV,9.0 ML,MF,1,3810
MV11,MV,9.0 ML,MF,2,6307
MV11,MV,9.0 ML,MF,3,6318
MV11,MV,9.0 ML,MF,4,3917
MV11,MV,9.0 ML,MF,5,3840
MV11,MV,9.0 ML,MF,6,3247
MV11,MV,9.0 ML,MF,7,3266
MV11,MV,9.0 ML,MF,8,6359
MV11,MV,9.0 ML,MF,9,X636
MV11,MV,9.0 ML,MF,10,3887
MV14,MV,10.0 MU,MF,1,3910
MV14,MV,10.0 MU,MF,2,3705
MV14,MV,10.0 MU,MF,3,3712
MV14,MV,10.0 MU,MF,5,3165
MV15,MV,8.0 EP,MTH,1,3812
MV15,MV,8.0 EP,MTH,2,X377
MV15,MV,8.0 EP,MTH,3,3716
MV15,MV,8.0 EP,MTH,4,6639
MV15,MV,8.0 EP,MTH,5,X600
MV15,MV,8.0 EP,MTH,6,6664
MV15,MV,8.0 EP,MTH,7,6363
MV15,MV,8.0 EP,MTH,8,X638
MV15,MV,8.0 EP,MTH,9,3737
MV15,MV,8.0 EP,MTH,10,3742
MV15,MV,8.0 EP,MTH,11,3205
MV17,MV,9.0 ML,MF,1,3814
MV17,MV,9.0 ML,MF,2,3223
MV17,MV,9.0 ML,MF,3,3236
MV17,MV,9.0 ML,MF,4,6241
MV17,MV,9.0 ML,MF,5,6242
MV17,MV,9.0 ML,MF,6,6641
MV17,MV,9.0 ML,MF,7,6666
MV17,MV,9.0 ML,MF,8,3965
MV17,MV,9.0 ML,MF,9,3886
MV17,MV,9.0 ML,MF,10,3897
MV18,MV,9.0 ML,MF,1,3914
MV18,MV,9.0 ML,MF,2,3709
MV18,MV,9.0 ML,MF,3,3718
MV18,MV,9.0 ML,MF,4,3835
MV18,MV,9.0 ML,MF,5,3848
MV18,MV,9.0 ML,MF,6,3943
MV18,MV,9.0 ML,MF,7,3870
MV18,MV,9.0 ML,MF,8,3969
MV19,MV,9.0 ML,MF,1,3818
MV19,MV,9.0 ML,MF,2,3825
MV19,MV,9.0 ML,MF,3,3838
MV19,MV,9.0 ML,MF,4,6627
MV19,MV,9.0 ML,MF,5,6656
MV19,MV,9.0 ML,MF,6,6273
MV20,MV,9.0 ML,MF,1,3918
MV20,MV,9.0 ML,MF,2,6655
MV20,MV,9.0 ML,MF,3,X606
MV20,MV,9.0 ML,MF,4,6674
MV20,MV,9.0 ML,MF,5,6679
MV21,MV,10.0 ML,MF,1,3920
MV21,MV,10.0 ML,MF,2,X321
MV21,MV,10.0 ML,MF,3,3244
MV21,MV,10.0 ML,MF,4,3255
MV21,MV,10.0 ML,MF,5,3272
MV21,MV,10.0 ML,MF,6,3883
MV22,MV,8.0 EP,MF,1,3124
MV22,MV,8.0 EP,MF,2,3961
MV23,MV,10.0 ML,MF,1,3922
MV23,MV,10.0 ML,MF,2,3959
MV24,MV,8.0 MU,MF,1,3126
MV24,MV,8.0 MU,MF,2,3725
MV24,MV,8.0 MU,MF,3,X370
MV24,MV,8.0 MU,MF,4,3735
MV25,MV,9.0 ML,MTH,1,3924
MV25,MV,9.0 ML,MTH,2,3753
MV25,MV,9.0 ML,MTH,3,3736
MV25,MV,9.0 ML,MTH,4,3275
MV25,MV,9.0 ML,MTH,5,3284
MV25,MV,9.0 ML,MTH,6,3201
MV27,MV,9.0 ML,MF,1,3926
MV27,MV,9.0 ML,MF,2,3951
MV27,MV,9.0 ML,MF,3,3892
MV29,MV,8.0 DP,MTH,1,3830
MV29,MV,8.0 DP,MTH,2,3265
MV29,MV,8.0 DP,MTH,3,3276
MV29,MV,8.0 DP,MTH,4,6295
MV29,MV,8.0 DP,MTH,5,6280
MV29,MV,8.0 DP,MTH,6,3805
MV30,MV,8.0 EP,MF,1,3934
MV30,MV,8.0 EP,MF,2,3861
MV30,MV,8.0 EP,MF,3,3874
MV30,MV,8.0 EP,MF,4,3889
PB10,PB,2.0 MU,MF,1,4105
PB10,PB,2.0 MU,MF,2,4104
CT12,CT,8.0 MU,MF,1,3706
CT12,CT,8.0 MU,MF,2,X379
CT12,CT,8.0 MU,MF,3,3720
CT12,CT,8.0 MU,MF,4,SSY - DRILL + 4
CT12,CT,8.0 MU,MF,5,3873
CT12,CT,8.0 MU,MF,6,(12MU)
CT13,CT,12.0 MU,MTH,1,3714
CT13,CT,12.0 MU,MTH,2,3723
CT13,CT,12.0 MU,MTH,3,X318
CT13,CT,12.0 MU,MTH,4,3879
LB10,LB,8.0 EP,MF,1,3200
LB10,LB,8.0 EP,MF,2,X371
LB10,LB,8.0 EP,MF,3,3702
LB10,LB,8.0 EP,MF,4,3221
LB10,LB,8.0 EP,MF,5,3234
LB10,LB,8.0 EP,MF,6,3239
LB10,LB,8.0 EP,MF,7,3252
LB10,LB,8.0 EP,MF,8,6341
LB10,LB,8.0 EP,MF,9,X630
LB10,LB,8.0 EP,MF,10,3515
LB10,LB,8.0 EP,MF,11,3516
LB10,LB,8.0 EP,MF,12,3289
LB11,LB,8.0 EP,MF,1,3202
LB11,LB,8.0 EP,MF,2,3815
LB11,LB,8.0 EP,MF,3,3932
LB11,LB,8.0 EP,MF,4,6619
LB11,LB,8.0 EP,MF,5,6640
LB11,LB,8.0 EP,MF,6,6631
LB11,LB,8.0 EP,MF,7,6658
LB11,LB,8.0 EP,MF,8,3271
LB12,LB,6.0 ML,MF,1,3204
LB12,LB,6.0 ML,MF,2,3217
LB12,LB,6.0 ML,MF,3,3230
LB12,LB,6.0 ML,MF,4,6233
LB12,LB,6.0 ML,MF,5,6234
LB12,LB,6.0 ML,MF,6,6635
LB12,LB,6.0 ML,MF,7,6662
LB12,LB,6.0 ML,MF,8,6283
LB12,LB,6.0 ML,MF,9,6278
LB12,LB,6.0 ML,MF,10,6299
LB12,LB,6.0 ML,MF,11,XG19
LB13,LB,8.0 EP,MF,1,3208
LB13,LB,8.0 EP,MF,2,3505
LB13,LB,8.0 EP,MF,3,3506
LB13,LB,8.0 EP,MF,4,6231
LB13,LB,8.0 EP,MF,5,6230
LB13,LB,8.0 EP,MF,6,6245
LB13,LB,8.0 EP,MF,7,246
LB13,LB,8.0 EP,MF,8,275
LB13,LB,8.0 EP,MF,9,6264
LB13,LB,8.0 EP,MF,10,3285
LB13,LB,8.0 EP,MF,11,3292
LB14,LB,8.0 EP,MF,1,3210
LB14,LB,8.0 EP,MF,2,6215
LB14,LB,8.0 EP,MF,3,6216
LB14,LB,8.0 EP,MF,4,3241
LB14,LB,8.0 EP,MF,5,3256
LB14,LB,8.0 EP,MF,6,3511
LB14,LB,8.0 EP,MF,7,3512
LB15,LB,8.0 EP,MF,1,3218
LB15,LB,8.0 EP,MF,2,3713
LB15,LB,8.0 EP,MF,3,3722
LB15,LB,8.0 EP,MF,4,6237
LB15,LB,8.0 EP,MF,5,6238
LB15,LB,8.0 EP,MF,6,3509
LB15,LB,8.0 EP,MF,7,3510
LB15,LB,8.0 EP,MF,8,6279
LB15,LB,8.0 EP,MF,9,6270
LB15,LB,8.0 EP,MF,10,3293
LB16,LB,9.0 ML,MF,1,3222
LB16,LB,9.0 ML,MF,2,3231
LB16,LB,9.0 ML,MF,3,3248
LB16,LB,9.0 ML,MF,4,3721
LB16,LB,9.0 ML,MF,5,3738
LB16,LB,9.0 ML,MF,6,3875
LB16,LB,9.0 ML,MF,7,3882
LB16,LB,9.0 ML,MF,8,6601
BH10,BH,5.0 PP,MF,1,4310
BH10,BH,5.0 PP,MF,2,X433
BH10,BH,5.0 PP,MF,3,4330
BH10,BH,5.0 PP,MF,4,4321
BH10,BH,5.0 PP,MF,5,4340
BH10,BH,5.0 PP,MF,6,4331
BH10,BH,5.0 PP,MF,7,4352
BH10,BH,5.0 PP,MF,8,4343
BH10,BH,5.0 PP,MF,9,4366
BH10,BH,5.0 PP,MF,10,4355
BH10,BH,5.0 PP,MF,11,4378
BH10,BH,5.0 PP,MF,12,4379
BH10,BH,5.0 PP,MF,13,4392
BH10,BH,5.0 PP,MF,14,4393
BH11,BH,8.0 DP,MF,1,3312
BH11,BH,8.0 DP,MF,2,3361
BH11,BH,8.0 DP,MF,3,X434
BH11,BH,8.0 DP,MF,4,4375
BH12,BH,8.0 DM,MF,1,3320
BH12,BH,8.0 DM,MF,2,3363
BH13,BH,5.0 PP,MF,1,4324
BH13,BH,5.0 PP,MF,2,4315
BH13,BH,5.0 PP,MF,3,4334
BH13,BH,5.0 PP,MF,4,4323
BH13,BH,5.0 PP,MF,5,4344
BH13,BH,5.0 PP,MF,6,4335
BH13,BH,5.0 PP,MF,7,4360
BH13,BH,5.0 PP,MF,8,4351
BH13,BH,5.0 PP,MF,9,4372
BH13,BH,5.0 PP,MF,10,4367
BH13,BH,5.0 PP,MF,11,4384
BH13,BH,5.0 PP,MF,12,4383
BH13,BH,5.0 PP,MF,13,4398
BH13,BH,5.0 PP,MF,14,4397
BH14,BH,8.0 DM,MF,1,3326
BH14,BH,8.0 DM,MF,2,3871
RA10,RA,7.0 PP,MF,1,5404
RA10,RA,7.0 PP,MF,2,5409
RA10,RA,7.0 PP,MF,3,5422
RA10,RA,7.0 PP,MF,4,5445
RA11,RA,6.0 DM,MF,1,2406
RA11,RA,6.0 DM,MF,2,X135
RA11,RA,6.0 DM,MF,3,1254
RA11,RA,6.0 DM,MF,4,XT43
RA11,RA,6.0 DM,MF,5,5431
RA11,RA,6.0 DM,MF,6,5448
RA11,RA,6.0 DM,MF,7,5451
RA11,RA,6.0 DM,MF,8,5456
RA11,RA,6.0 DM,MF,9,5401
RA12,RA,6.0 DM,MF,1,X573
RA12,RA,6.0 DM,MF,2,5710
RA12,RA,6.0 DM,MF,3,X511
RA12,RA,6.0 DM,MF,4,5126
RA12,RA,6.0 DM,MF,5,5121
RA12,RA,6.0 DM,MF,6,XR23
RA12,RA,6.0 DM,MF,7,XR24
RA12,RA,6.0 DM,MF,8,5440
RA12,RA,6.0 DM,MF,9,5737
RA12,RA,6.0 DM,MF,10,X572
RA12,RA,6.0 DM,MF,11,5154
RA12,RA,6.0 DM,MF,12,5197
RA12,RA,6.0 DM,MF,13,X582
RA13,RA,7.0 DP,MF,1,X575
RA13,RA,7.0 DP,MF,2,5714
RA13,RA,7.0 DP,MF,3,5413
RA13,RA,7.0 DP,MF,4,5134
RA13,RA,7.0 DP,MF,5,5127
RA13,RA,7.0 DP,MF,6,5444
RA13,RA,7.0 DP,MF,7,5441
RA13,RA,7.0 DP,MF,8,5152
RA13,RA,7.0 DP,MF,9,5155
RA14,RA,6.0 DM,MTH,1,5408
RA14,RA,6.0 DM,MTH,2,5711
RA14,RA,6.0 DM,MTH,3,5170
RA14,RA,6.0 DM,MTH,4,5123
RA14,RA,6.0 DM,MTH,5,5438
RA14,RA,6.0 DM,MTH,6,5435
RA14,RA,6.0 DM,MTH,7,5150
RA14,RA,6.0 DM,MTH,8,5193
RA14,RA,6.0 DM,MTH,9,X578
RA14,RA,6.0 DM,MTH,10,5458
RA14,RA,6.0 DM,MTH,11,5403
RA15,RA,7.0 DP,MF,1,X577
RA15,RA,7.0 DP,MF,2,5718
RA15,RA,7.0 DP,MF,3,5719
RA15,RA,7.0 DP,MF,4,5176
RA15,RA,7.0 DP,MF,5,5179
RA15,RA,7.0 DP,MF,6,5746
RA15,RA,7.0 DP,MF,7,5747
RA15,RA,7.0 DP,MF,8,X576
RA16,RA,7.0 PP,MF,1,5412
RA16,RA,7.0 PP,MF,2,X591
RA16,RA,7.0 PP,MF,3,5902
RA16,RA,7.0 PP,MF,4,5733
RA16,RA,7.0 PP,MF,5,X570
RA17,RA,6.0 DM,MF,1,5416
RA17,RA,6.0 DM,MF,2,5439
RA18,RA,6.0 DM,MF,1,5420
RA18,RA,6.0 DM,MF,2,5415
RA18,RA,6.0 DM,MF,3,5132
RA18,RA,6.0 DM,MF,4,5175
RA18,RA,6.0 DM,MF,5,5742
RA18,RA,6.0 DM,MF,6,5743
RA18,RA,6.0 DM,MF,7,X574
AC10,AC,3.0 PP,MF,1,4608
AC10,AC,3.0 PP,MF,2,4613
AC10,AC,3.0 PP,MF,3,4616
AC10,AC,3.0 PP,MF,4,4623
AC10,AC,3.0 PP,MF,5,XA06
AC10,AC,3.0 PP,MF,6,XA07
AC10,AC,3.0 PP,MF,7,4628
AC10,AC,3.0 PP,MF,8,4633
AC10,AC,3.0 PP,MF,9,4634
AC10,AC,3.0 PP,MF,10,4641
AC10,AC,3.0 PP,MF,11,XA12
AC10,AC,3.0 PP,MF,12,XA13
AC11,AC,3.0 PP,MF,1,4610
AC11,AC,3.0 PP,MF,2,4615
AC11,AC,3.0 PP,MF,3,4620
AC11,AC,3.0 PP,MF,4,4627
AC11,AC,3.0 PP,MF,5,XA08
AC11,AC,3.0 PP,MF,6,XA09
AC11,AC,3.0 PP,MF,7,4630
AC11,AC,3.0 PP,MF,8,4635
AC11,AC,3.0 PP,MF,9,4638
AC11,AC,3.0 PP,MF,10,4643
AC11,AC,3.0 PP,MF,11,XA14
AC11,AC,3.0 PP,MF,12,XA15
AC12,AC,3.0 PP,MF,1,4612
AC12,AC,3.0 PP,MF,2,4617
AC12,AC,3.0 PP,MF,3,XA04
AC12,AC,3.0 PP,MF,4,XA05
AC12,AC,3.0 PP,MF,5,4624
AC12,AC,3.0 PP,MF,6,4631
AC12,AC,3.0 PP,MF,7,4632
AC12,AC,3.0 PP,MF,8,4639
AC12,AC,3.0 PP,MF,9,XA10
AC12,AC,3.0 PP,MF,10,XA11
AC12,AC,3.0 PP,MF,11,4642
AC12,AC,3.0 PP,MF,12,4651
DE11,DE,8.0 ML,MF,1,6602
DE11,DE,8.0 ML,MF,2,6305
DE11,DE,8.0 ML,MF,3,6314
DE11,DE,8.0 ML,MF,4,3827
DE11,DE,8.0 ML,MF,5,3850
DE11,DE,8.0 ML,MF,6,3857
DE11,DE,8.0 ML,MF,7,3868
DE11,DE,8.0 ML,MF,8,6667
DE12,DE,8.0 ML,MF,1,6604
DE12,DE,8.0 ML,MF,2,6213
DE12,DE,8.0 ML,MF,3,6214
DE12,DE,8.0 ML,MF,4,6317
DE12,DE,8.0 ML,MF,5,6332
DE12,DE,8.0 ML,MF,6,3841
DE12,DE,8.0 ML,MF,7,3896
DE12,DE,8.0 ML,MF,8,6437
DE13,DE,9.0 ML,MF,1,6606
DE13,DE,9.0 ML,MF,2,X633
DE13,DE,9.0 ML,MF,3,6320
DE13,DE,9.0 ML,MF,4,3831
DE13,DE,9.0 ML,MF,5,3844
DE13,DE,9.0 ML,MF,6,3719
DE13,DE,9.0 ML,MF,7,X316
DE13,DE,9.0 ML,MF,8,3949
DE14,DE,9.0 ML,MF,1,6610
DE14,DE,9.0 ML,MF,2,6611
DE14,DE,9.0 ML,MF,3,6644
DE14,DE,9.0 ML,MF,4,3937
DE14,DE,9.0 ML,MF,5,3864
DE14,DE,9.0 ML,MF,6,6659
DE14,DE,9.0 ML,MF,7,X619
DE14,DE,9.0 ML,MF,8,6676
DE14,DE,9.0 ML,MF,9,6683
DE15,DE,9.0 ML,MF,1,6612
DE15,DE,9.0 ML,MF,2,3823
DE15,DE,9.0 ML,MF,3,3836
DE15,DE,9.0 ML,MF,4,3847
DE15,DE,9.0 ML,MF,5,3860
DE15,DE,9.0 ML,MF,6,3957
DE16,DE,9.0 ML,MF,1,6614
DE16,DE,9.0 ML,MF,2,6315
DE16,DE,9.0 ML,MF,3,6328
DE16,DE,9.0 ML,MF,4,X359
DE16,DE,9.0 ML,MF,5,X358
DE16,DE,9.0 ML,MF,6,6339
DE16,DE,9.0 ML,MF,7,X640
DE16,DE,9.0 ML,MF,8,3267
DE16,DE,9.0 ML,MF,9,3278
DE16,DE,9.0 ML,MF,10,3893
DE17,DE,9.0 ML,MF,1,6616
DE17,DE,9.0 ML,MF,2,6651
DE17,DE,9.0 ML,MF,3,X602
DE17,DE,9.0 ML,MF,4,6672
DE17,DE,9.0 ML,MF,5,6675
DE18,DE,9.0 ML,MF,1,6620
DE18,DE,9.0 ML,MF,2,3849
DE18,DE,9.0 ML,MF,3,3862
DE18,DE,9.0 ML,MF,4,3175
GN10,GN,9.0 ML,MF,1,6200
GN10,GN,9.0 ML,MF,2,6209
GN10,GN,9.0 ML,MF,3,6210
GN10,GN,9.0 ML,MF,4,3227
GN10,GN,9.0 ML,MF,5,3240
GN10,GN,9.0 ML,MF,6,3845
GN10,GN,9.0 ML,MF,7,3858
GN10,GN,9.0 ML,MF,8,3867
GN10,GN,9.0 ML,MF,9,3880
GN10,GN,9.0 ML,MF,10,3895
GN11,GN,8.0 ML,MF,1,6202
GN11,GN,8.0 ML,MF,2,X355
GN11,GN,8.0 ML,MF,3,3504
GN11,GN,8.0 ML,MF,4,6227
GN11,GN,8.0 ML,MF,5,6226
GN11,GN,8.0 ML,MF,6,3243
GN11,GN,8.0 ML,MF,7,3260
GN11,GN,8.0 ML,MF,8,6653
GN11,GN,8.0 ML,MF,9,X604
GN12,GN,8.0 EP,MF,1,6204
GN12,GN,8.0 EP,MF,2,6607
GN12,GN,8.0 EP,MF,3,6628
GN12,GN,8.0 EP,MF,4,3837
GN12,GN,8.0 EP,MF,5,3852
GN12,GN,8.0 EP,MF,6,3595
GN12,GN,8.0 EP,MF,7,3598
GN12,GN,8.0 EP,MF,8,3963
GN12,GN,8.0 EP,MF,9,3984
GN13,GN,6.0 ML,MF,1,204
GN13,GN,6.0 ML,MF,2,309
GN13,GN,6.0 ML,MF,3,6324
GN13,GN,6.0 ML,MF,4,6263
GN13,GN,6.0 ML,MF,5,6258
GN13,GN,6.0 ML,MF,6,3281
GN14,GN,8.0 EP,MF,1,6206
GN14,GN,8.0 EP,MF,2,6613
GN14,GN,8.0 EP,MF,3,6632
GN14,GN,8.0 EP,MF,4,3843
GN14,GN,8.0 EP,MF,5,3954
GN14,GN,8.0 EP,MF,6,6643
GN14,GN,8.0 EP,MF,7,6668
GN14,GN,8.0 EP,MF,8,3283
GN14,GN,8.0 EP,MF,9,3288
GN14,GN,8.0 EP,MF,10,6201
GN14,GN,8.0 EP,MF,11,XG21
GL10,GL,3.0 MU,MF,1,400
GL10,GL,3.0 MU,MF,2,211
GL10,GL,3.0 MU,MF,3,208
GL10,GL,3.0 MU,MF,4,XT49
GL10,GL,3.0 MU,MF,5,XT20
GL10,GL,3.0 MU,MF,6,485
GL10,GL,3.0 MU,MF,7,X44
GL10,GL,3.0 MU,MF,8,657
GL10,GL,3.0 MU,MF,9,674
GL10,GL,3.0 MU,MF,10,XT57
GL11,GL,3.0 MU,MF,1,402
GL11,GL,3.0 MU,MF,2,481
GL11,GL,3.0 MU,MF,3,480
GL11,GL,3.0 MU,MF,4,417
GL11,GL,3.0 MU,MF,5,426
GL11,GL,3.0 MU,MF,6,427
GL13,GL,8.0 ML,MF,1,6406
GL13,GL,8.0 ML,MF,2,X357
GL13,GL,8.0 ML,MF,3,3508
GL13,GL,8.0 ML,MF,4,6621
GL13,GL,8.0 ML,MF,5,6654
GL13,GL,8.0 ML,MF,6,6431
GL14,GL,4.0 MU,MF,1,408
GL14,GL,4.0 MU,MF,2,411
GL14,GL,4.0 MU,MF,3,420
GL14,GL,4.0 MU,MF,4,421
GL14,GL,4.0 MU,MF,5,430
GL14,GL,4.0 MU,MF,6,435
GL14,GL,4.0 MU,MF,7,434
GL14,GL,4.0 MU,MF,8,XT39
GL15,GL,8.0 ML,MF,1,X42 
GL15,GL,8.0 ML,MF,2,X41
GL15,GL,8.0 ML,MF,3,6410
GL15,GL,8.0 ML,MF,4,6617
GL15,GL,8.0 ML,MF,5,6636
GL15,GL,8.0 ML,MF,6,3251
GL15,GL,8.0 ML,MF,7,3270
GL15,GL,8.0 ML,MF,8,6291
GL15,GL,8.0 ML,MF,9,6274
GL15,GL,8.0 ML,MF,10,6297
GL15,GL,8.0 ML,MF,11,XG17
GL16,GL,5.0 MU,MF,1,412
GL16,GL,5.0 MU,MF,2,XT31
GL16,GL,5.0 MU,MF,3,XT36
GL16,GL,5.0 MU,MF,4,433
GL17,GL,5.0 MU,MF,1,414
GL17,GL,5.0 MU,MF,2,XT53
GL17,GL,5.0 MU,MF,3,XT28
GL17,GL,5.0 MU,MF,4,429
GL18,GL,3.0 MU,MF,1,416
GL18,GL,3.0 MU,MF,2,415
GL18,GL,3.0 MU,MF,3,424
GL18,GL,3.0 MU,MF,4,325
GL18,GL,3.0 MU,MF,5,330
GL18,GL,3.0 MU,MF,6,337
GL18,GL,3.0 MU,MF,7,334
GL18,GL,3.0 MU,MF,8,449
GL18,GL,3.0 MU,MF,9,442
GL18,GL,3.0 MU,MF,10,XT63
HE09,HE,3.0 MU,MF,1,XB20
HE09,HE,3.0 MU,MF,2,X49
HE09,HE,3.0 MU,MF,3,404
HE09,HE,3.0 MU,MF,4,409
HE09,HE,3.0 MU,MF,5,418
HE09,HE,3.0 MU,MF,6,419
HE09,HE,3.0 MU,MF,7,428
HE09,HE,3.0 MU,MF,8,645
HE09,HE,3.0 MU,MF,9,X64
HE09,HE,3.0 MU,MF,10,447
HE09,HE,3.0 MU,MF,11,440
HE09,HE,3.0 MU,MF,12,XT59
HE10,HE,3.0 MU,MF,1,XB16
HE10,HE,3.0 MU,MF,2,X61
HE10,HE,3.0 MU,MF,3,608
HE10,HE,3.0 MU,MF,4,XT23
HE10,HE,3.0 MU,MF,5,XT32
HE10,HE,3.0 MU,MF,6,267
HE10,HE,3.0 MU,MF,7,262
HE10,HE,3.0 MU,MF,8,443
HE10,HE,3.0 MU,MF,9,438
HE10,HE,3.0 MU,MF,10,453
HE11,HE,4.0 MU,MF,1,XB04
HE11,HE,4.0 MU,MF,2,301
HE11,HE,4.0 MU,MF,3,312
HE11,HE,4.0 MU,MF,4,413
HE11,HE,4.0 MU,MF,5,422
HE11,HE,4.0 MU,MF,6,423
HE11,HE,4.0 MU,MF,7,432
HE11,HE,4.0 MU,MF,8,439
HE12,HE,3.0 MU,MF,1,XB22
HE12,HE,3.0 MU,MF,2,X33
HE12,HE,3.0 MU,MF,3,308
HE12,HE,3.0 MU,MF,4,XT21
HE12,HE,3.0 MU,MF,5,XT38
HE12,HE,3.0 MU,MF,6,643
HE12,HE,3.0 MU,MF,7,X62
HE12,HE,3.0 MU,MF,8,665
HE12,HE,3.0 MU,MF,9,X68
HE12,HE,3.0 MU,MF,10,451
HE13,HE,8.0 EP,MTH,1,XB18
HE13,HE,8.0 EP,MTH,2,607
HE13,HE,8.0 EP,MTH,3,6624
HE13,HE,8.0 EP,MTH,4,3833
HE13,HE,8.0 EP,MTH,5,3154
HE13,HE,8.0 EP,MTH,6,3947
HE13,HE,8.0 EP,MTH,7,3872
HE13,HE,8.0 EP,MTH,8,3891
HD10,HD,6.0 MLD,MF,1,XB02
HD10,HD,6.0 MLD,MF,2,X113
HD10,HD,6.0 MLD,MF,3,1152
HD10,HD,6.0 MLD,MF,4,XT09
HD10,HD,6.0 MLD,MF,5,XT34
HD10,HD,6.0 MLD,MF,6,1161
HD10,HD,6.0 MLD,MF,7,1124
HD10,HD,6.0 MLD,MF,8,1173
HD10,HD,6.0 MLD,MF,9,1182
HD10,HD,6.0 MLD,MF,10,XF73
HD10,HD,6.0 MLD,MF,11,XF74
HD10,HD,6.0 MLD,MF,12,1131
HD12,HD,5.0 PP,MF,1,XB06
HD12,HD,5.0 PP,MF,2,X121
HD12,HD,5.0 PP,MF,3,1202
HD12,HD,5.0 PP,MF,4,1147
HD12,HD,5.0 PP,MF,5,1110
HD12,HD,5.0 PP,MF,6,1211
HD12,HD,5.0 PP,MF,7,1272
HD12,HD,5.0 PP,MF,8,XF27
HD12,HD,5.0 PP,MF,9,XF28
HD12,HD,5.0 PP,MF,10,1221
HD12,HD,5.0 PP,MF,11,X122
HD12,HD,5.0 PP,MF,12,1127
HD12,HD,5.0 PP,MF,13,1136
HD12,HD,5.0 PP,MF,14,1133
HD13,HD,5.0 PP,MF,1,XB08
HD13,HD,5.0 PP,MF,2,871
HD13,HD,5.0 PP,MF,3,1074
HD13,HD,5.0 PP,MF,4,XT17
HD13,HD,5.0 PP,MF,5,XT96
HD13,HD,5.0 PP,MF,6,853
HD13,HD,5.0 PP,MF,7,858
HD13,HD,5.0 PP,MF,8,1643
HD14,HD,5.0 PP,MF,1,XB10
HD14,HD,5.0 PP,MF,2,X123
HD14,HD,5.0 PP,MF,3,1204
HD14,HD,5.0 PP,MF,4,1249
HD14,HD,5.0 PP,MF,5,1264
HD14,HD,5.0 PP,MF,6,1213
HD14,HD,5.0 PP,MF,7,1220
HD14,HD,5.0 PP,MF,8,1167
HD14,HD,5.0 PP,MF,9,1130
HD14,HD,5.0 PP,MF,10,1087
HD14,HD,5.0 PP,MF,11,X212
HD15,HD,6.0 MLD,MF,1,XB12
HD15,HD,6.0 MLD,MF,2,1103
HD15,HD,6.0 MLD,MF,3,1156
HD15,HD,6.0 MLD,MF,4,1111
HD15,HD,6.0 MLD,MF,5,1168
HD15,HD,6.0 MLD,MF,6,1115
HD15,HD,6.0 MLD,MF,7,1178
HD15,HD,6.0 MLD,MF,8,1271
HD15,HD,6.0 MLD,MF,9,X128
HD15,HD,6.0 MLD,MF,10,1129
HD15,HD,6.0 MLD,MF,11,X116
HD15,HD,6.0 MLD,MF,12,XF83
HD15,HD,6.0 MLD,MF,13,XF84
HD15,HD,6.0 MLD,MF,14,XB53
HD16,HD,6.0 MLD,MF,1,XB14
HD16,HD,6.0 MLD,MF,2,X133
HD16,HD,6.0 MLD,MF,3,1252
HD16,HD,6.0 MLD,MF,4,1207
HD16,HD,6.0 MLD,MF,5,1266
HD16,HD,6.0 MLD,MF,6,1617
HD16,HD,6.0 MLD,MF,7,1632
HD16,HD,6.0 MLD,MF,8,1223
HD16,HD,6.0 MLD,MF,9,X124
HD16,HD,6.0 MLD,MF,10,1177
HD16,HD,6.0 MLD,MF,11,1186
HD16,HD,6.0 MLD,MF,12,XF77
HD16,HD,6.0 MLD,MF,13,XF78
HD16,HD,6.0 MLD,MF,14,XB51
UN09,UN,5.0 PP,MF,1,X201
UN09,UN,5.0 PP,MF,2,1070
UN09,UN,5.0 PP,MF,3,1247
UN09,UN,5.0 PP,MF,4,1210
UN09,UN,5.0 PP,MF,5,XT33
UN09,UN,5.0 PP,MF,6,XT52
UN09,UN,5.0 PP,MF,7,1003
UN09,UN,5.0 PP,MF,8,X60
UN09,UN,5.0 PP,MF,9,1085
UN09,UN,5.0 PP,MF,10,X208
UN10,UN,5.0 PP,MF,1,600
UN10,UN,5.0 PP,MF,2,609
UN10,UN,5.0 PP,MF,3,626
UN10,UN,5.0 PP,MF,4,X63
UN11,UN,5.0 PP,MF,1,X205
UN11,UN,5.0 PP,MF,2,872
UN11,UN,5.0 PP,MF,3,851
UN11,UN,5.0 PP,MF,4,854
UN11,UN,5.0 PP,MF,5,1215
UN11,UN,5.0 PP,MF,6,X120
UN11,UN,5.0 PP,MF,7,881
UN11,UN,5.0 PP,MF,8,884
UN11,UN,5.0 PP,MF,9,XF79
UN11,UN,5.0 PP,MF,10,XF80
UN11,UN,5.0 PP,MF,11,XB49
UN12,UN,5.0 PP,MF,1,X207
UN12,UN,5.0 PP,MF,2,852
UN12,UN,5.0 PP,MF,3,1109
UN12,UN,5.0 PP,MF,4,1112
UN12,UN,5.0 PP,MF,5,1157
UN12,UN,5.0 PP,MF,6,1174
UN12,UN,5.0 PP,MF,7,1055
UN12,UN,5.0 PP,MF,8,X204
UN13,UN,5.0 PP,MF,1,1000
UN13,UN,5.0 PP,MF,2,X161
UN13,UN,5.0 PP,MF,3,1650
UN13,UN,5.0 PP,MF,4,1351
UN13,UN,5.0 PP,MF,5,X15
UN13,UN,5.0 PP,MF,6,1114
UN13,UN,5.0 PP,MF,7,1001
UN13,UN,5.0 PP,MF,8,660
UN13,UN,5.0 PP,MF,9,1011
UN14,UN,5.0 PP,MF,1,1002
UN14,UN,5.0 PP,MF,2,1605
UN14,UN,5.0 PP,MF,3,1624
UN14,UN,5.0 PP,MF,4,1155
UN14,UN,5.0 PP,MF,5,1120
UN14,UN,5.0 PP,MF,6,807
UN15,UN,5.0 PP,MF,1,1006
UN15,UN,5.0 PP,MF,2,1113
UN15,UN,5.0 PP,MF,3,1118
UN15,UN,5.0 PP,MF,4,1079
UN15,UN,5.0 PP,MF,5,882
UN15,UN,5.0 PP,MF,6,1061
UN15,UN,5.0 PP,MF,7,X216
UN16,UN,5.0 PP,MF,1,808
UN16,UN,5.0 PP,MF,2,XT61
UN16,UN,5.0 PP,MF,3,XT86
UN16,UN,5.0 PP,MF,4,59
UN16,UN,5.0 PP,MF,5,68
UN16,UN,5.0 PP,MF,6,XF93
UN16,UN,5.0 PP,MF,7,XF94
UN16,UN,5.0 PP,MF,8,XB55
SF10,SF,5.0 PP,MF,1,1100
SF10,SF,5.0 PP,MF,2,X125
SF10,SF,5.0 PP,MF,3,1206
SF10,SF,5.0 PP,MF,4,XT47
SF10,SF,5.0 PP,MF,5,XT50
SF10,SF,5.0 PP,MF,6,1357
SF10,SF,5.0 PP,MF,7,X132
SF10,SF,5.0 PP,MF,8,1125
SF10,SF,5.0 PP,MF,9,1134
SF10,SF,5.0 PP,MF,10,XF75
SF10,SF,5.0 PP,MF,11,XF76
SF10,SF,5.0 PP,MF,12,1183
SF11,SF,5.0 PP,MTH,1,1102
SF11,SF,5.0 PP,MTH,2,X127
SF11,SF,5.0 PP,MTH,3,1208
SF11,SF,5.0 PP,MTH,4,1651
SF11,SF,5.0 PP,MTH,5,1652
SF11,SF,5.0 PP,MTH,6,XF21
SF11,SF,5.0 PP,MTH,7,XF22
SF11,SF,5.0 PP,MTH,8,877
SF11,SF,5.0 PP,MTH,9,880
SF11,SF,5.0 PP,MTH,10,1175
SF11,SF,5.0 PP,MTH,11,1184
SF11,SF,5.0 PP,MTH,12,XB71
SF11,SF,5.0 PP,MTH,13,XB28
SF11,SF,5.0 PP,MTH,14,1101
SF12,SF,5.0 PP,MF,1,1146
SF12,SF,5.0 PP,MF,2,1105
SF12,SF,5.0 PP,MF,3,1160
SF12,SF,5.0 PP,MF,4,XT67
SF12,SF,5.0 PP,MF,5,XT90
SF12,SF,5.0 PP,MF,6,339
SF12,SF,5.0 PP,MF,7,336
SF12,SF,5.0 PP,MF,8,1179
SF13,SF,5.0 PP,MF,1,1148
SF13,SF,5.0 PP,MF,2,XT15
SF13,SF,5.0 PP,MF,3,XT80
SF13,SF,5.0 PP,MF,4,1319
SF13,SF,5.0 PP,MF,5,X130
SF13,SF,5.0 PP,MF,6,1225
SF13,SF,5.0 PP,MF,7,1278
SF13,SF,5.0 PP,MF,8,1645
SF13,SF,5.0 PP,MF,9,1636
SF13,SF,5.0 PP,MF,10,XF91
SF13,SF,5.0 PP,MF,11,XF92
SF13,SF,5.0 PP,MF,12,XB59
SF14,SF,5.0 PP,MTH,1,1150
SF14,SF,5.0 PP,MTH,2,X139
SF14,SF,5.0 PP,MTH,3,1212
SF14,SF,5.0 PP,MTH,4,XT55
SF14,SF,5.0 PP,MTH,5,XT70
SF14,SF,5.0 PP,MTH,6,1171
SF15,SF,6.0 MLD,MF,1,1154
SF15,SF,6.0 MLD,MF,2,XT29
SF15,SF,6.0 MLD,MF,3,XT30
SF15,SF,6.0 MLD,MF,4,1169
SF15,SF,6.0 MLD,MF,5,1132
SF15,SF,6.0 MLD,MF,6,1281
SF15,SF,6.0 MLD,MF,7,1234
SF15,SF,6.0 MLD,MF,8,XF81
SF15,SF,6.0 MLD,MF,9,XF82
SF15,SF,6.0 MLD,MF,10,XB57
SV10,SV,5.0 PP,MF,1,1602
SV10,SV,5.0 PP,MF,2,X21
SV10,SV,5.0 PP,MF,3,212
SV10,SV,5.0 PP,MF,4,XT25
SV10,SV,5.0 PP,MF,5,XT92
SV10,SV,5.0 PP,MF,6,1009
SV11,SV,4.0 PP,MF,1,1604
SV11,SV,4.0 PP,MF,2,1107
SV11,SV,4.0 PP,MF,3,1162
SV11,SV,4.0 PP,MF,4,XF25
SV11,SV,4.0 PP,MF,5,XF26
SV11,SV,4.0 PP,MF,6,1613
SV11,SV,4.0 PP,MF,7,1630
SV11,SV,4.0 PP,MF,8,1625
SV12,SV,4.0 PP,MF,1,1606
SV12,SV,4.0 PP,MF,2,XT35
SV12,SV,4.0 PP,MF,3,XT46
SV12,SV,4.0 PP,MF,4,1629
SV13,SV,5.0 PP,MF,1,1608
SV13,SV,5.0 PP,MF,2,XT03
SV13,SV,5.0 PP,MF,3,XT18
SV13,SV,5.0 PP,MF,4,1159
SV13,SV,5.0 PP,MF,5,1122
SV13,SV,5.0 PP,MF,6,1633
SV14,SV,5.0 PP,MF,1,1610
SV14,SV,5.0 PP,MF,2,XT45
SV14,SV,5.0 PP,MF,3,XT82
SV14,SV,5.0 PP,MF,4,1263
SV14,SV,5.0 PP,MF,5,1274
SV14,SV,5.0 PP,MF,6,1637
SV15,SV,5.0 PP,MF,1,1612
SV15,SV,5.0 PP,MF,2,XT51
SV15,SV,5.0 PP,MF,3,XT76
SV15,SV,5.0 PP,MF,4,1631
SV16,SV,5.0 PP,MF,1,1614
SV16,SV,5.0 PP,MF,2,XT07
SV16,SV,5.0 PP,MF,3,XT84
SV16,SV,5.0 PP,MF,4,1635
SV17,SV,4.0 PP,MF,1,1616
SV17,SV,4.0 PP,MF,2,1607
SV17,SV,4.0 PP,MF,3,1626
SV17,SV,4.0 PP,MF,4,XF23
SV17,SV,4.0 PP,MF,5,XF24
SV17,SV,4.0 PP,MF,6,1653
SV17,SV,4.0 PP,MF,7,X160
SV17,SV,4.0 PP,MF,8,1627
SV18,SV,4.0 PP,MF,1,1618
SV18,SV,4.0 PP,MF,2,XT05
SV18,SV,4.0 PP,MF,3,XT40
SV18,SV,4.0 PP,MF,4,1623
SV19,SV,4.0 PP,MTH,1,1620
SV19,SV,4.0 PP,MTH,2,1611
SV19,SV,4.0 PP,MTH,3,1628
SV19,SV,4.0 PP,MTH,4,XF31
SV19,SV,4.0 PP,MTH,5,XF32
SV19,SV,4.0 PP,MTH,6,1117
SV19,SV,4.0 PP,MTH,7,1126
SV19,SV,4.0 PP,MTH,8,1641
SV19,SV,4.0 PP,MTH,9,1634
SV19,SV,4.0 PP,MTH,10,1647
SV20,SV,3.0 PP,MF,1,1622
SV20,SV,3.0 PP,MF,2,XF13
SV20,SV,3.0 PP,MF,3,XF14
SV20,SV,3.0 PP,MF,4,1621
PO10,PO,5.0 PP,MF,1,42
PO10,PO,5.0 PP,MF,2,1245
PO10,PO,5.0 PP,MF,3,X11
PO10,PO,5.0 PP,MF,4,1158
PO10,PO,5.0 PP,MF,5,XT11
PO10,PO,5.0 PP,MF,6,XT72
PO10,PO,5.0 PP,MF,7,1269
PO10,PO,5.0 PP,MF,8,1276
PO10,PO,5.0 PP,MF,9,XF69
PO10,PO,5.0 PP,MF,10,XF70
PO10,PO,5.0 PP,MF,11,67
PO11,PO,5.0 PP,MF,1,44
PO11,PO,5.0 PP,MF,2,XT19
PO11,PO,5.0 PP,MF,3,XT66
PO11,PO,5.0 PP,MF,4,55
PO12,PO,5.0 PP,MF,1,46
PO12,PO,5.0 PP,MF,2,XT13
PO12,PO,5.0 PP,MF,3,XT94
PO12,PO,5.0 PP,MF,4,61
PO13,PO,5.0 PP,MF,1,48
PO13,PO,5.0 PP,MF,2,43
PO13,PO,5.0 PP,MF,3,62
PO13,PO,5.0 PP,MF,4,XF33
PO13,PO,5.0 PP,MF,5,XF34
PO13,PO,5.0 PP,MF,6,53
PO14,PO,5.0 PP,MF,1,50
PO14,PO,5.0 PP,MF,2,XF05
PO14,PO,5.0 PP,MF,3,XF06
PO14,PO,5.0 PP,MF,4,45
PO14,PO,5.0 PP,MF,5,64
PO14,PO,5.0 PP,MF,6,1165
PO14,PO,5.0 PP,MF,7,1128
PO14,PO,5.0 PP,MF,8,65
PO15,PO,5.0 PP,MF,1,52
PO15,PO,5.0 PP,MF,2,XF07
PO15,PO,5.0 PP,MF,3,XF08
PO15,PO,5.0 PP,MF,4,47
PO15,PO,5.0 PP,MF,5,66
PO15,PO,5.0 PP,MF,6,57
PO16,PO,5.0 PP,MF,1,54
PO16,PO,5.0 PP,MF,2,XF11
PO16,PO,5.0 PP,MF,3,XF12
PO16,PO,5.0 PP,MF,4,1353
PO16,PO,5.0 PP,MF,5,X17
PO16,PO,5.0 PP,MF,6,1116
PO16,PO,5.0 PP,MF,7,51
PO17,PO,3.0 PP,MF,1,56
PO17,PO,3.0 PP,MF,2,XT85
PO17,PO,3.0 PP,MF,3,XT48
PO17,PO,3.0 PP,MF,4,63
PO18,PO,3.0 PP,MTH,1,58
PO18,PO,3.0 PP,MTH,2,49
PO18,PO,3.0 PP,MTH,3,X04
PO18,PO,3.0 PP,MTH,4,XF39
PO18,PO,3.0 PP,MTH,5,XF40
PO18,PO,3.0 PP,MTH,6,41
SS70,SS,8.0 EP,SS,1,7217
SS70,SS,8.0 EP,SS,2,7216
SS70,SS,8.0 EP,SS,3,7665
SS70,SS,8.0 EP,SS,4,7660
SS70,SS,8.0 EP,SS,5,7277
SS70,SS,8.0 EP,SS,6,7276
NY70,NY,9.0 ML,SS,1,7817
NY70,NY,9.0 ML,SS,2,7820
NY70,NY,9.0 ML,SS,3,7837
NY70,NY,9.0 ML,SS,4,7838
NY70,NY,9.0 ML,SS,5,7855
NY70,NY,9.0 ML,SS,6,7860
NY70,NY,9.0 ML,SS,7,7877
MV71,MV,8.0 DM,SS,1,7800
MV71,MV,8.0 DM,SS,2,7813
MV71,MV,8.0 DM,SS,3,7814
MV71,MV,8.0 DM,SS,4,7829
MV72,MV,9.0 ML,SS,1,7804
MV72,MV,9.0 ML,SS,2,7821
MV72,MV,9.0 ML,SS,3,7824
MV72,MV,9.0 ML,SS,4,7841
MV72,MV,9.0 ML,SS,5,7846
MV72,MV,9.0 ML,SS,6,7863
MV72,MV,9.0 ML,SS,7,7880
MV73,MV,10.0 ML,SS,1,7808
MV73,MV,10.0 ML,SS,2,7825
MV73,MV,10.0 ML,SS,3,7826
MV73,MV,10.0 ML,SS,4,7853
MV73,MV,10.0 ML,SS,5,7856
MV73,MV,10.0 ML,SS,6,7871
MV74,MV,9.0 ML,SS,1,7812
MV74,MV,9.0 ML,SS,2,7229
MV74,MV,9.0 ML,SS,3,7228
MV74,MV,9.0 ML,SS,4,7245
MV74,MV,9.0 ML,SS,5,7248
MV74,MV,9.0 ML,SS,6,7865
MV74,MV,9.0 ML,SS,7,7868
MV74,MV,9.0 ML,SS,8,7885
MV75,MV,9.0 ML,SA,1,7816
MV75,MV,9.0 ML,SA,2,7233
MV75,MV,9.0 ML,SA,3,7232
MV75,MV,9.0 ML,SA,4,7849
MV75,MV,9.0 ML,SA,5,7852
MV75,MV,9.0 ML,SA,6,7269
MV75,MV,9.0 ML,SA,7,7268
MV75,MV,9.0 ML,SA,8,7201
MV76,MV,9.0 ML,SS,1,7818
MV76,MV,9.0 ML,SS,2,7833
MV76,MV,9.0 ML,SS,3,7834
MV76,MV,9.0 ML,SS,4,7851
MV76,MV,9.0 ML,SS,5,7854
MV76,MV,9.0 ML,SS,6,7673
MV76,MV,9.0 ML,SS,7,7668
MV76,MV,9.0 ML,SS,8,7883
MV77,MV,9.0 ML,SA,1,7822
MV77,MV,9.0 ML,SA,2,7839
MV77,MV,9.0 ML,SA,3,7840
MV77,MV,9.0 ML,SA,4,7857
MV77,MV,9.0 ML,SA,5,7858
MV77,MV,9.0 ML,SA,6,7873
MV77,MV,9.0 ML,SA,7,X796
MV77,MV,9.0 ML,SA,8,7801
MV78,MV,9.0 ML,SS,1,7828
MV78,MV,9.0 ML,SS,2,7845
MV78,MV,9.0 ML,SS,3,7848
MV78,MV,9.0 ML,SS,4,7265
MV78,MV,9.0 ML,SS,5,7264
MV78,MV,9.0 ML,SS,6,7881
MV79,MV,9.0 ML,SS,1,7830
MV79,MV,9.0 ML,SS,2,7847
MV79,MV,9.0 ML,SS,3,7850
MV79,MV,9.0 ML,SS,4,7867
MV79,MV,9.0 ML,SS,5,7872
MV79,MV,9.0 ML,SS,6,7887
MV80,MV,10.0 ML,SS,1,7832
MV80,MV,10.0 ML,SS,2,7249
MV80,MV,10.0 ML,SS,3,7252
MV80,MV,10.0 ML,SS,4,7869
MV81,MV,9.0 ML,SS,1,7836
MV81,MV,9.0 ML,SS,2,7859
MV83,MV,12.0 MU,SS,1,7844
MV83,MV,12.0 MU,SS,2,7861
MV83,MV,12.0 MU,SS,3,7864
MV83,MV,12.0 MU,SS,4,7879
PB70,PB,2.0 MU,SS,1,4225
PB70,PB,2.0 MU,SS,2,4202
LB70,LB,8.0 EP,SS,1,7200
LB70,LB,8.0 EP,SS,2,7225
LB70,LB,8.0 EP,SS,3,7224
LB70,LB,8.0 EP,SS,4,7241
LB70,LB,8.0 EP,SS,5,7240
LB70,LB,8.0 EP,SS,6,7257
LB71,LB,8.0 EP,SA,1,7204
LB71,LB,8.0 EP,SA,2,7221
LB71,LB,8.0 EP,SA,3,7220
LB71,LB,8.0 EP,SA,4,7637
LB71,LB,8.0 EP,SA,5,7632
LB71,LB,8.0 EP,SA,6,7253
LB71,LB,8.0 EP,SA,7,7256
LB71,LB,8.0 EP,SA,8,7273
LB71,LB,8.0 EP,SA,9,7272
LB71,LB,8.0 EP,SA,10,7205
LB72,LB,8.0 EP,SS,1,7208
LB72,LB,8.0 EP,SS,2,7625
LB72,LB,8.0 EP,SS,3,7620
LB72,LB,8.0 EP,SS,4,7237
LB72,LB,8.0 EP,SS,5,7236
LB72,LB,8.0 EP,SS,6,7657
LB72,LB,8.0 EP,SS,7,7652
LB72,LB,8.0 EP,SS,8,7285
LB73,LB,9.0 ML,SA,1,7212
LB73,LB,9.0 ML,SA,2,7629
LB73,LB,9.0 ML,SA,3,7624
LB73,LB,9.0 ML,SA,4,7661
LB73,LB,9.0 ML,SA,5,7656
LB73,LB,9.0 ML,SA,6,7875
LB73,LB,9.0 ML,SA,7,7876
LB73,LB,9.0 ML,SA,8,7805
LB74,LB,8.0 EP,SS,1,7244
LB74,LB,8.0 EP,SS,2,7261
LB74,LB,8.0 EP,SS,3,7260
LB74,LB,8.0 EP,SS,4,7281
BH70,BH,8.0 DP,SS,1,4708
BH70,BH,8.0 DP,SS,2,X471
BH70,BH,8.0 DP,SS,3,4716
BH70,BH,8.0 DP,SS,4,4721
BH70,BH,8.0 DP,SS,5,4728
BH70,BH,8.0 DP,SS,6,4733
BH70,BH,8.0 DP,SS,7,4740
BH70,BH,8.0 DP,SS,8,4745
BH70,BH,8.0 DP,SS,9,4752
BH70,BH,8.0 DP,SS,10,4757
BH70,BH,8.0 DP,SS,11,4764
BH70,BH,8.0 DP,SS,12,4769
BH80,BH,5.0 PP,SS,1,4720
BH80,BH,5.0 PP,SS,2,4725
BH80,BH,5.0 PP,SS,3,4732
BH80,BH,5.0 PP,SS,4,4737
BH80,BH,5.0 PP,SS,5,4744
BH80,BH,5.0 PP,SS,6,4749
BH80,BH,5.0 PP,SS,7,4756
BH80,BH,5.0 PP,SS,8,4761
BH80,BH,5.0 PP,SS,9,4768
BH80,BH,5.0 PP,SS,10,4773
BH80,BH,5.0 PP,SS,11,4780
BH80,BH,5.0 PP,SS,12,4785
BH80,BH,5.0 PP,SS,13,X472
BH80,BH,5.0 PP,SS,14,4705
BH71,BH,5.0 PP,SS,1,4724
BH71,BH,5.0 PP,SS,2,4729
BH71,BH,5.0 PP,SS,3,4736
BH71,BH,5.0 PP,SS,4,4741
BH71,BH,5.0 PP,SS,5,4748
BH71,BH,5.0 PP,SS,6,4753
BH71,BH,5.0 PP,SS,7,4760
BH71,BH,5.0 PP,SS,8,4765
BH71,BH,5.0 PP,SS,9,4772
BH71,BH,5.0 PP,SS,10,4777
RA70,RA,6.0 DM,SS,1,5506
RA70,RA,6.0 DM,SS,2,5511
RA70,RA,6.0 DM,SS,3,5512
RA70,RA,6.0 DM,SS,4,5517
RA70,RA,6.0 DM,SS,5,5518
RA70,RA,6.0 DM,SS,6,5523
RA70,RA,6.0 DM,SS,7,5524
RA70,RA,6.0 DM,SS,8,5529
RA70,RA,6.0 DM,SS,9,5530
RA70,RA,6.0 DM,SS,10,5535
RA70,RA,6.0 DM,SS,11,5536
RA70,RA,6.0 DM,SS,12,5541
RA71,RA,6.0 DM,SA,1,5508
RA71,RA,6.0 DM,SA,2,5513
RA71,RA,6.0 DM,SA,3,5514
RA71,RA,6.0 DM,SA,4,5519
RA71,RA,6.0 DM,SA,5,5520
RA71,RA,6.0 DM,SA,6,5525
RA71,RA,6.0 DM,SA,7,5540
RA71,RA,6.0 DM,SA,8,5503
RA72,RA,7.0 PP,SS,1,5510
RA72,RA,7.0 PP,SS,2,5515
RA72,RA,7.0 PP,SS,3,5516
RA72,RA,7.0 PP,SS,4,5521
RA72,RA,7.0 PP,SS,5,5522
RA72,RA,7.0 PP,SS,6,5527
RA72,RA,7.0 PP,SS,7,5528
RA72,RA,7.0 PP,SS,8,5533
RA72,RA,7.0 PP,SS,9,5534
RA72,RA,7.0 PP,SS,10,5539
RA73,RA,6.0 DM,SS,1,5526
RA73,RA,6.0 DM,SS,2,5531
RA73,RA,6.0 DM,SS,3,5532
RA73,RA,6.0 DM,SS,4,5537
RA73,RA,6.0 DM,SS,5,5538
RA73,RA,6.0 DM,SS,6,5543
AC70,AC,3.0 PP,SS,1,4660
AC70,AC,3.0 PP,SS,2,4661
AC70,AC,3.0 PP,SS,3,XA22
AC70,AC,3.0 PP,SS,4,XA23
AC70,AC,3.0 PP,SS,5,4668
AC70,AC,3.0 PP,SS,6,4673
AC70,AC,3.0 PP,SS,7,4678
AC70,AC,3.0 PP,SS,8,4683
AC70,AC,3.0 PP,SS,9,XA28
AC70,AC,3.0 PP,SS,10,XA29
AC70,AC,3.0 PP,SS,11,4684
AC70,AC,3.0 PP,SS,12,4689
AC70,AC,3.0 PP,SS,13,XA32
AC71,AC,3.0 PP,SS,1,4662
AC71,AC,3.0 PP,SS,2,X480
AC72,AC,3.0 PP,SS,1,XA20
AC72,AC,3.0 PP,SS,2,XA21
AC72,AC,3.0 PP,SS,3,4664
AC72,AC,3.0 PP,SS,4,4671
AC72,AC,3.0 PP,SS,5,4674
AC72,AC,3.0 PP,SS,6,4679
AC72,AC,3.0 PP,SS,7,XA26
AC72,AC,3.0 PP,SS,8,XA27
AC72,AC,3.0 PP,SS,9,4682
AC72,AC,3.0 PP,SS,10,4687
AC72,AC,3.0 PP,SS,11,XA30
AC72,AC,3.0 PP,SS,12,XA31
MM70,MM,3.0 PP,SS,1,X481
MM70,MM,3.0 PP,SS,2,4669
MM70,MM,3.0 PP,SS,3,4670
MM70,MM,3.0 PP,SS,4,4677
MM70,MM,3.0 PP,SS,5,XA24
MM70,MM,3.0 PP,SS,6,XA25
MM70,MM,3.0 PP,SS,7,4680
MM70,MM,3.0 PP,SS,8,4685
MM70,MM,3.0 PP,SS,9,4688
MM70,MM,3.0 PP,SS,10,4693
MM70,MM,3.0 PP,SS,11,XA34
MM70,MM,3.0 PP,SS,12,XA35
DE70,DE,8.0 ML,SS,1,6908
DE70,DE,8.0 ML,SS,2,6913
DE70,DE,8.0 ML,SS,3,6918
DE70,DE,8.0 ML,SS,4,6923
DE70,DE,8.0 ML,SS,5,6928
DE70,DE,8.0 ML,SS,6,6933
DE70,DE,8.0 ML,SS,7,6938
DE70,DE,8.0 ML,SS,8,6943
DE71,DE,9.0 ML,SS,1,6910
DE71,DE,9.0 ML,SS,2,6915
DE71,DE,9.0 ML,SS,3,6922
DE71,DE,9.0 ML,SS,4,6927
DE71,DE,9.0 ML,SS,5,6932
DE71,DE,9.0 ML,SS,6,6937
DE71,DE,9.0 ML,SS,7,6942
DE71,DE,9.0 ML,SS,8,6907
DE72,DE,9.0 ML,SS,1,6912
DE72,DE,9.0 ML,SS,2,6917
DE72,DE,9.0 ML,SS,3,6926
DE72,DE,9.0 ML,SS,4,6931
DE72,DE,9.0 ML,SS,5,6936
DE72,DE,9.0 ML,SS,6,6941
DE73,DE,9.0 ML,SS,1,6914
DE73,DE,9.0 ML,SS,2,6919
DE73,DE,9.0 ML,SS,3,6924
DE73,DE,9.0 ML,SS,4,6929
DE73,DE,9.0 ML,SS,5,6934
DE73,DE,9.0 ML,SS,6,6939
DE73,DE,9.0 ML,SS,7,6944
DE73,DE,9.0 ML,SS,8,6909
DE74,DE,9.0 ML,SS,1,6916
DE74,DE,9.0 ML,SS,2,6921
DE75,DE,9.0 ML,SS,1,6920
DE75,DE,9.0 ML,SS,2,6925
DE75,DE,9.0 ML,SS,3,6930
DE75,DE,9.0 ML,SS,4,6935
DE75,DE,9.0 ML,SS,5,6940
DE75,DE,9.0 ML,SS,6,6945
GL70,GL,3.0 MU,SS,1,710
GL70,GL,3.0 MU,SS,2,711
GL70,GL,3.0 MU,SS,3,716
GL70,GL,3.0 MU,SS,4,717
GL70,GL,3.0 MU,SS,5,722
GL70,GL,3.0 MU,SS,6,723
GL70,GL,3.0 MU,SS,7,728
GL70,GL,3.0 MU,SS,8,729
GL70,GL,3.0 MU,SS,9,734
GL70,GL,3.0 MU,SS,10,735
GL70,GL,3.0 MU,SS,11,740
GL70,GL,3.0 MU,SS,12,741
GL71,GL,3.0 MU,SS,1,712
GL71,GL,3.0 MU,SS,2,713
GL71,GL,3.0 MU,SS,3,718
GL71,GL,3.0 MU,SS,4,719
GL71,GL,3.0 MU,SS,5,724
GL71,GL,3.0 MU,SS,6,725
GL71,GL,3.0 MU,SS,7,730
GL71,GL,3.0 MU,SS,8,731
GL71,GL,3.0 MU,SS,9,736
GL71,GL,3.0 MU,SS,10,737
GL71,GL,3.0 MU,SS,11,742
GL71,GL,3.0 MU,SS,12,743
GL71,GL,3.0 MU,SS,13,746
GL71,GL,3.0 MU,SS,14,707
GL72,GL,3.0 MU,SS,1,714
GL72,GL,3.0 MU,SS,2,715
GL72,GL,3.0 MU,SS,3,720
GL72,GL,3.0 MU,SS,4,721
GL72,GL,3.0 MU,SS,5,726
GL72,GL,3.0 MU,SS,6,727
GL72,GL,3.0 MU,SS,7,732
GL72,GL,3.0 MU,SS,8,733
GL72,GL,3.0 MU,SS,9,738
GL72,GL,3.0 MU,SS,10,739
GL72,GL,3.0 MU,SS,11,744
GL72,GL,3.0 MU,SS,12,745
GL72,GL,3.0 MU,SS,13,X74
GL72,GL,3.0 MU,SS,14,709
HE76,HE,4.0 MU,SS,1,XB40
HE76,HE,4.0 MU,SS,2,513
HE76,HE,4.0 MU,SS,3,510
HE76,HE,4.0 MU,SS,4,515
HE76,HE,4.0 MU,SS,5,514
HE76,HE,4.0 MU,SS,6,519
HE76,HE,4.0 MU,SS,7,518
HE76,HE,4.0 MU,SS,8,523
HE76,HE,4.0 MU,SS,9,522
HE76,HE,4.0 MU,SS,10,527
HE76,HE,4.0 MU,SS,11,526
HE76,HE,4.0 MU,SS,12,531
HD70,HD,5.0 PP,SA,1,XB28
HD70,HD,5.0 PP,SA,2,1701
HD70,HD,5.0 PP,SA,3,1704
HD70,HD,5.0 PP,SA,4,XD19
HD70,HD,5.0 PP,SA,5,XD20
HD70,HD,5.0 PP,SA,6,1867
HD70,HD,5.0 PP,SA,7,1866
HD70,HD,5.0 PP,SA,8,1873
HD70,HD,5.0 PP,SA,9,1872
HD70,HD,5.0 PP,SA,10,1729
HD70,HD,5.0 PP,SA,11,1730
HD70,HD,5.0 PP,SA,12,XD75
HD70,HD,5.0 PP,SA,13,XD76
HD70,HD,5.0 PP,SA,14,1789
HD71,HD,5.0 PP,SS,1,XB30
HD71,HD,5.0 PP,SS,2,X173
HD71,HD,5.0 PP,SS,3,1752
HD71,HD,5.0 PP,SS,4,1859
HD71,HD,5.0 PP,SS,5,1858
HD71,HD,5.0 PP,SS,6,1715
HD71,HD,5.0 PP,SS,7,1716
HD71,HD,5.0 PP,SS,8,1879
HD71,HD,5.0 PP,SS,9,1878
HD71,HD,5.0 PP,SS,10,XD69
HD71,HD,5.0 PP,SS,11,XD70
HD71,HD,5.0 PP,SS,12,1787
HD71,HD,5.0 PP,SS,13,1786
HD71,HD,5.0 PP,SS,14,XB39
HD72,HD,5.0 PP,SA,1,XB32
HD72,HD,5.0 PP,SA,2,1855
HD72,HD,5.0 PP,SA,3,1854
HD72,HD,5.0 PP,SA,4,1711
HD72,HD,5.0 PP,SA,5,1712
HD72,HD,5.0 PP,SA,6,1871
HD72,HD,5.0 PP,SA,7,1870
HD72,HD,5.0 PP,SA,8,1727
HD72,HD,5.0 PP,SA,9,1728
HD72,HD,5.0 PP,SA,10,XD67
HD72,HD,5.0 PP,SA,11,XD68
HD72,HD,5.0 PP,SA,12,1837
HD72,HD,5.0 PP,SA,13,X182
HD72,HD,5.0 PP,SA,14,XB29
HD73,HD,5.0 PP,SA,1,XB34
HD73,HD,5.0 PP,SA,2,1705
HD73,HD,5.0 PP,SA,3,1706
HD73,HD,5.0 PP,SA,4,1713
HD73,HD,5.0 PP,SA,5,1714
HD73,HD,5.0 PP,SA,6,1721
HD73,HD,5.0 PP,SA,7,1722
HD73,HD,5.0 PP,SA,8,XD45
HD73,HD,5.0 PP,SA,9,XD46
HD73,HD,5.0 PP,SA,10,1881
HD73,HD,5.0 PP,SA,11,1880
HD73,HD,5.0 PP,SA,12,XB23
HD74,HD,6.0 MLD,SA,1,XB36
HD74,HD,6.0 MLD,SA,2,1857
HD74,HD,6.0 MLD,SA,3,1856
HD74,HD,6.0 MLD,SA,4,1863
HD74,HD,6.0 MLD,SA,5,1862
HD74,HD,6.0 MLD,SA,6,XD37
HD74,HD,6.0 MLD,SA,7,XD38
HD74,HD,6.0 MLD,SA,8,1723
HD74,HD,6.0 MLD,SA,9,1724
HD74,HD,6.0 MLD,SA,10,1731
HD74,HD,6.0 MLD,SA,11,1732
HD74,HD,6.0 MLD,SA,12,1839
HD74,HD,6.0 MLD,SA,13,X184
HD74,HD,6.0 MLD,SA,14,XD81
HD74,HD,6.0 MLD,SA,15,XD82
HD75,HD,6.0 MLD,SS,1,XB38
HD75,HD,6.0 MLD,SS,2,1707
HD75,HD,6.0 MLD,SS,3,1708
HD75,HD,6.0 MLD,SS,4,XD27
HD75,HD,6.0 MLD,SS,5,XD28
HD75,HD,6.0 MLD,SS,6,1717
HD75,HD,6.0 MLD,SS,7,1718
HD75,HD,6.0 MLD,SS,8,1725
HD75,HD,6.0 MLD,SS,9,1726
HD75,HD,6.0 MLD,SS,10,1733
HD75,HD,6.0 MLD,SS,11,1784
HD75,HD,6.0 MLD,SS,12,XD79
HD75,HD,6.0 MLD,SS,13,XD80
HD75,HD,6.0 MLD,SS,14,XB31
HD76,HD,6.0 MLD,SS,1,XB48
HD76,HD,6.0 MLD,SS,2,1709
HD76,HD,6.0 MLD,SS,3,1710
HD76,HD,6.0 MLD,SS,4,1719
HD76,HD,6.0 MLD,SS,5,1720
HD76,HD,6.0 MLD,SS,6,1877
HD76,HD,6.0 MLD,SS,7,1876
HD76,HD,6.0 MLD,SS,8,XD63
HD76,HD,6.0 MLD,SS,9,XD64
HD76,HD,6.0 MLD,SS,10,1835
HD76,HD,6.0 MLD,SS,11,X180
HD76,HD,6.0 MLD,SS,12,1801
HD76,HD,6.0 MLD,SS,13,X186
HD76,HD,6.0 MLD,SS,14,XB45
PO70,PO,5.0 PP,SA,1,70
PO70,PO,5.0 PP,SA,2,XD15
PO70,PO,5.0 PP,SA,3,XD16
PO70,PO,5.0 PP,SA,4,71
PO70,PO,5.0 PP,SA,5,X52
PO70,PO,5.0 PP,SA,6,XD43
PO70,PO,5.0 PP,SA,7,XD44
PO70,PO,5.0 PP,SA,8,XB41
PO71,PO,5.0 PP,SS,1,72
PO71,PO,5.0 PP,SS,2,XD25
PO71,PO,5.0 PP,SS,3,XD26
PO71,PO,5.0 PP,SS,4,73
PO71,PO,5.0 PP,SS,5,78
PO71,PO,5.0 PP,SS,6,79
PO72,PO,5.0 PP,SS,1,74
PO72,PO,5.0 PP,SS,2,XD31
PO72,PO,5.0 PP,SS,3,XD32
PO72,PO,5.0 PP,SS,4,75
PO72,PO,5.0 PP,SS,5,80
PO72,PO,5.0 PP,SS,6,XD65
PO72,PO,5.0 PP,SS,7,XD66
PO72,PO,5.0 PP,SS,8,81
PO73,PO,5.0 PP,SA,1,76
PO73,PO,5.0 PP,SA,2,XD41
PO73,PO,5.0 PP,SA,3,XD42
PO73,PO,5.0 PP,SA,4,77
PO73,PO,5.0 PP,SA,5,82
PO73,PO,5.0 PP,SA,6,69
SV70,SV,5.0 PP,SS,1,2100
SV70,SV,5.0 PP,SS,2,2103
SV70,SV,5.0 PP,SS,3,2108
SV70,SV,5.0 PP,SS,4,2111
SV70,SV,5.0 PP,SS,5,2114
SV70,SV,5.0 PP,SS,6,XD49
SV70,SV,5.0 PP,SS,7,XD50
SV70,SV,5.0 PP,SS,8,2121
SV70,SV,5.0 PP,SS,9,2124
SV70,SV,5.0 PP,SS,10,2129
SV71,SV,4.0 PP,SS,1,2102
SV71,SV,4.0 PP,SS,2,XD13
SV71,SV,4.0 PP,SS,3,XD14
SV71,SV,4.0 PP,SS,4,2107
SV71,SV,4.0 PP,SS,5,2112
SV71,SV,4.0 PP,SS,6,2115
SV71,SV,4.0 PP,SS,7,2118
SV71,SV,4.0 PP,SS,8,2123
SV71,SV,4.0 PP,SS,9,2126
SV71,SV,4.0 PP,SS,10,XD71
SV71,SV,4.0 PP,SS,11,XD72
SV71,SV,4.0 PP,SS,12,2133
SV72,SV,4.0 PP,SS,1,2104
SV72,SV,4.0 PP,SS,2,XD23
SV72,SV,4.0 PP,SS,3,XD24
SV72,SV,4.0 PP,SS,4,1869
SV72,SV,4.0 PP,SS,5,1868
SV72,SV,4.0 PP,SS,6,1875
SV72,SV,4.0 PP,SS,7,1874
SV72,SV,4.0 PP,SS,8,2125
SV73,SV,4.0 PP,SS,1,2106
SV73,SV,4.0 PP,SS,2,XD29
SV73,SV,4.0 PP,SS,3,XD30
SV73,SV,4.0 PP,SS,4,2117
SV74,SV,4.0 PP,SS,1,2110
SV74,SV,4.0 PP,SS,2,XD39
SV74,SV,4.0 PP,SS,3,XD40
SV74,SV,4.0 PP,SS,4,2119
SV74,SV,4.0 PP,SS,5,2122
SV74,SV,4.0 PP,SS,6,1883
SV74,SV,4.0 PP,SS,7,1882
SV74,SV,4.0 PP,SS,8,2101
SS70,SS,8.0 EP,SS,1,7217
SS70,SS,8.0 EP,SS,2,7216
SS70,SS,8.0 EP,SS,3,7665
SS70,SS,8.0 EP,SS,4,7660
SS70,SS,8.0 EP,SS,5,7277
SS70,SS,8.0 EP,SS,6,7276
NY70,NY,9.0 ML,SS,1,7817
NY70,NY,9.0 ML,SS,2,7820
NY70,NY,9.0 ML,SS,3,7837
NY70,NY,9.0 ML,SS,4,7838
NY70,NY,9.0 ML,SS,5,7855
NY70,NY,9.0 ML,SS,6,7860
NY70,NY,9.0 ML,SS,7,7877
MV71,MV,8.0 DM,SS,1,7800
MV71,MV,8.0 DM,SS,2,7813
MV71,MV,8.0 DM,SS,3,7814
MV71,MV,8.0 DM,SS,4,7829
MV85,MV,8.0 EP,SS,1,5800
MV85,MV,8.0 EP,SS,2,X781
MV72,MV,9.0 ML,SS,1,7804
MV72,MV,9.0 ML,SS,2,7821
MV72,MV,9.0 ML,SS,3,7824
MV72,MV,9.0 ML,SS,4,7841
MV72,MV,9.0 ML,SS,5,7846
MV72,MV,9.0 ML,SS,6,7863
MV72,MV,9.0 ML,SS,7,7880
MV73,MV,10.0 ML,SS,1,7808
MV73,MV,10.0 ML,SS,2,7825
MV73,MV,10.0 ML,SS,3,7826
MV73,MV,10.0 ML,SS,4,7853
MV73,MV,10.0 ML,SS,5,7856
MV73,MV,10.0 ML,SS,6,7871
MV74,MV,9.0 ML,SS,1,7812
MV74,MV,9.0 ML,SS,2,7229
MV74,MV,9.0 ML,SS,3,7228
MV74,MV,9.0 ML,SS,4,7245
MV74,MV,9.0 ML,SS,5,7248
MV74,MV,9.0 ML,SS,6,7865
MV74,MV,9.0 ML,SS,7,7868
MV74,MV,9.0 ML,SS,8,7885
MV75,MV,9.0 ML,SU,1,7816
MV75,MV,9.0 ML,SU,2,7233
MV75,MV,9.0 ML,SU,3,7232
MV75,MV,9.0 ML,SU,4,7849
MV75,MV,9.0 ML,SU,5,7852
MV75,MV,9.0 ML,SU,6,7269
MV75,MV,9.0 ML,SU,7,7268
MV75,MV,9.0 ML,SU,8,3201
MV76,MV,9.0 ML,SS,1,7818
MV76,MV,9.0 ML,SS,2,7833
MV76,MV,9.0 ML,SS,3,7834
MV76,MV,9.0 ML,SS,4,7851
MV76,MV,9.0 ML,SS,5,7854
MV76,MV,9.0 ML,SS,6,7673
MV76,MV,9.0 ML,SS,7,7668
MV76,MV,9.0 ML,SS,8,7883
MV77,MV,9.0 ML,SU,1,7822
MV77,MV,9.0 ML,SU,2,7839
MV77,MV,9.0 ML,SU,3,7840
MV77,MV,9.0 ML,SU,4,7857
MV77,MV,9.0 ML,SU,5,7858
MV77,MV,9.0 ML,SU,6,7873
MV78,MV,9.0 ML,SS,1,7828
MV78,MV,9.0 ML,SS,2,7845
MV78,MV,9.0 ML,SS,3,7848
MV78,MV,9.0 ML,SS,4,7265
MV78,MV,9.0 ML,SS,5,7264
MV78,MV,9.0 ML,SS,6,7881
MV79,MV,9.0 ML,SS,1,7830
MV79,MV,9.0 ML,SS,2,7847
MV79,MV,9.0 ML,SS,3,7850
MV79,MV,9.0 ML,SS,4,7867
MV79,MV,9.0 ML,SS,5,7872
MV79,MV,9.0 ML,SS,6,7887
MV80,MV,10.0 ML,SS,1,7832
MV80,MV,10.0 ML,SS,2,7249
MV80,MV,10.0 ML,SS,3,7252
MV80,MV,10.0 ML,SS,4,7869
MV81,MV,9.0 ML,SS,1,7836
MV81,MV,9.0 ML,SS,2,7859
MV83,MV,12.0 MU,SS,1,7844
MV83,MV,12.0 MU,SS,2,7861
MV83,MV,12.0 MU,SS,3,7864
MV83,MV,12.0 MU,SS,4,7879
PB70,PB,2.0 MU,SS,1,4225
PB70,PB,2.0 MU,SS,2,4202
LB70,LB,8.0 EP,SS,1,7200
LB70,LB,8.0 EP,SS,2,7225
LB70,LB,8.0 EP,SS,3,7224
LB70,LB,8.0 EP,SS,4,7241
LB70,LB,8.0 EP,SS,5,7240
LB70,LB,8.0 EP,SS,6,7257
LB71,LB,8.0 EP,SU,1,7204
LB71,LB,8.0 EP,SU,2,7221
LB71,LB,8.0 EP,SU,3,7220
LB71,LB,8.0 EP,SU,4,7637
LB71,LB,8.0 EP,SU,5,7632
LB71,LB,8.0 EP,SU,6,7253
LB71,LB,8.0 EP,SU,7,7256
LB71,LB,8.0 EP,SU,8,7273
LB71,LB,8.0 EP,SU,9,7272
LB71,LB,8.0 EP,SU,10,3205
LB72,LB,8.0 EP,SS,1,7208
LB72,LB,8.0 EP,SS,2,7625
LB72,LB,8.0 EP,SS,3,7620
LB72,LB,8.0 EP,SS,4,7237
LB72,LB,8.0 EP,SS,5,7236
LB72,LB,8.0 EP,SS,6,7657
LB72,LB,8.0 EP,SS,7,7652
LB72,LB,8.0 EP,SS,8,7285
LB73,LB,9.0 ML,SU,1,7212
LB73,LB,9.0 ML,SU,2,7629
LB73,LB,9.0 ML,SU,3,7624
LB73,LB,9.0 ML,SU,4,7661
LB73,LB,9.0 ML,SU,5,7656
LB73,LB,9.0 ML,SU,6,7875
LB73,LB,9.0 ML,SU,7,7876
LB73,LB,9.0 ML,SU,8,3805
LB74,LB,8.0 EP,SS,1,7244
LB74,LB,8.0 EP,SS,2,7261
LB74,LB,8.0 EP,SS,3,7260
LB74,LB,8.0 EP,SS,4,7281
BH70,BH,8.0 DP,SS,1,4708
BH70,BH,8.0 DP,SS,2,X471
BH70,BH,8.0 DP,SS,3,4716
BH70,BH,8.0 DP,SS,4,4721
BH70,BH,8.0 DP,SS,5,4728
BH70,BH,8.0 DP,SS,6,4733
BH70,BH,8.0 DP,SS,7,4740
BH70,BH,8.0 DP,SS,8,4745
BH70,BH,8.0 DP,SS,9,4752
BH70,BH,8.0 DP,SS,10,4757
BH70,BH,8.0 DP,SS,11,4764
BH70,BH,8.0 DP,SS,12,4769
BH80,BH,5.0 PP,SS,1,4720
BH80,BH,5.0 PP,SS,2,4725
BH80,BH,5.0 PP,SS,3,4732
BH80,BH,5.0 PP,SS,4,4737
BH80,BH,5.0 PP,SS,5,4744
BH80,BH,5.0 PP,SS,6,4749
BH80,BH,5.0 PP,SS,7,4756
BH80,BH,5.0 PP,SS,8,4761
BH80,BH,5.0 PP,SS,9,4768
BH80,BH,5.0 PP,SS,10,4773
BH80,BH,5.0 PP,SS,11,4780
BH80,BH,5.0 PP,SS,12,4785
BH80,BH,5.0 PP,SS,13,X472
BH80,BH,5.0 PP,SS,14,4705
BH71,BH,5.0 PP,SS,1,4724
BH71,BH,5.0 PP,SS,2,4729
BH71,BH,5.0 PP,SS,3,4736
BH71,BH,5.0 PP,SS,4,4741
BH71,BH,5.0 PP,SS,5,4748
BH71,BH,5.0 PP,SS,6,4753
BH71,BH,5.0 PP,SS,7,4760
BH71,BH,5.0 PP,SS,8,4765
BH71,BH,5.0 PP,SS,9,4772
BH71,BH,5.0 PP,SS,10,4777
RA70,RA,6.0 DM,SS,1,5506
RA70,RA,6.0 DM,SS,2,5511
RA70,RA,6.0 DM,SS,3,5512
RA70,RA,6.0 DM,SS,4,5517
RA70,RA,6.0 DM,SS,5,5518
RA70,RA,6.0 DM,SS,6,5523
RA70,RA,6.0 DM,SS,7,5524
RA70,RA,6.0 DM,SS,8,5529
RA70,RA,6.0 DM,SS,9,5530
RA70,RA,6.0 DM,SS,10,5535
RA70,RA,6.0 DM,SS,11,5536
RA70,RA,6.0 DM,SS,12,5541
RA71,RA,6.0 DM,SU,1,5508
RA71,RA,6.0 DM,SU,2,5513
RA71,RA,6.0 DM,SU,3,5514
RA71,RA,6.0 DM,SU,4,5519
RA71,RA,6.0 DM,SU,5,5520
RA71,RA,6.0 DM,SU,6,5525
RA71,RA,6.0 DM,SU,7,5540
RA71,RA,6.0 DM,SU,8,5403
RA72,RA,7.0 PP,SS,1,5510
RA72,RA,7.0 PP,SS,2,5515
RA72,RA,7.0 PP,SS,3,5516
RA72,RA,7.0 PP,SS,4,5521
RA72,RA,7.0 PP,SS,5,5522
RA72,RA,7.0 PP,SS,6,5527
RA72,RA,7.0 PP,SS,7,5528
RA72,RA,7.0 PP,SS,8,5533
RA72,RA,7.0 PP,SS,9,5534
RA72,RA,7.0 PP,SS,10,5539
RA73,RA,6.0 DM,SS,1,5526
RA73,RA,6.0 DM,SS,2,5531
RA73,RA,6.0 DM,SS,3,5532
RA73,RA,6.0 DM,SS,4,5537
RA73,RA,6.0 DM,SS,5,5538
RA73,RA,6.0 DM,SS,6,5543
AC70,AC,3.0 PP,SS,1,4660
AC70,AC,3.0 PP,SS,2,4661
AC70,AC,3.0 PP,SS,3,XA22
AC70,AC,3.0 PP,SS,4,XA23
AC70,AC,3.0 PP,SS,5,4668
AC70,AC,3.0 PP,SS,6,4673
AC70,AC,3.0 PP,SS,7,4678
AC70,AC,3.0 PP,SS,8,4683
AC70,AC,3.0 PP,SS,9,XA28
AC70,AC,3.0 PP,SS,10,XA29
AC70,AC,3.0 PP,SS,11,4684
AC70,AC,3.0 PP,SS,12,4689
AC70,AC,3.0 PP,SS,13,XA32
AC71,AC,3.0 PP,SS,1,4662
AC71,AC,3.0 PP,SS,2,X480
AC72,AC,3.0 PP,SS,1,XA20
AC72,AC,3.0 PP,SS,2,XA21
AC72,AC,3.0 PP,SS,3,4664
AC72,AC,3.0 PP,SS,4,4671
AC72,AC,3.0 PP,SS,5,4674
AC72,AC,3.0 PP,SS,6,4679
AC72,AC,3.0 PP,SS,7,XA26
AC72,AC,3.0 PP,SS,8,XA27
AC72,AC,3.0 PP,SS,9,4682
AC72,AC,3.0 PP,SS,10,4687
AC72,AC,3.0 PP,SS,11,XA30
AC72,AC,3.0 PP,SS,12,XA31
MM70,MM,3.0 PP,SS,1,X481
MM70,MM,3.0 PP,SS,2,4669
MM70,MM,3.0 PP,SS,3,4670
MM70,MM,3.0 PP,SS,4,4677
MM70,MM,3.0 PP,SS,5,XA24
MM70,MM,3.0 PP,SS,6,XA25
MM70,MM,3.0 PP,SS,7,4680
MM70,MM,3.0 PP,SS,8,4685
MM70,MM,3.0 PP,SS,9,4688
MM70,MM,3.0 PP,SS,10,4693
MM70,MM,3.0 PP,SS,11,XA34
MM70,MM,3.0 PP,SS,12,XA35
DE70,DE,8.0 ML,SS,1,6908
DE70,DE,8.0 ML,SS,2,6913
DE70,DE,8.0 ML,SS,3,6918
DE70,DE,8.0 ML,SS,4,6923
DE70,DE,8.0 ML,SS,5,6928
DE70,DE,8.0 ML,SS,6,6933
DE70,DE,8.0 ML,SS,7,6938
DE70,DE,8.0 ML,SS,8,6943
DE71,DE,9.0 ML,SS,1,6910
DE71,DE,9.0 ML,SS,2,6915
DE71,DE,9.0 ML,SS,3,6922
DE71,DE,9.0 ML,SS,4,6927
DE71,DE,9.0 ML,SS,5,6932
DE71,DE,9.0 ML,SS,6,6937
DE71,DE,9.0 ML,SS,7,6942
DE71,DE,9.0 ML,SS,8,6907
DE72,DE,9.0 ML,SS,1,6912
DE72,DE,9.0 ML,SS,2,6917
DE72,DE,9.0 ML,SS,3,6926
DE72,DE,9.0 ML,SS,4,6931
DE72,DE,9.0 ML,SS,5,6936
DE72,DE,9.0 ML,SS,6,6941
DE73,DE,9.0 ML,SS,1,6914
DE73,DE,9.0 ML,SS,2,6919
DE73,DE,9.0 ML,SS,3,6924
DE73,DE,9.0 ML,SS,4,6929
DE73,DE,9.0 ML,SS,5,6934
DE73,DE,9.0 ML,SS,6,6939
DE73,DE,9.0 ML,SS,7,6944
DE73,DE,9.0 ML,SS,8,6909
DE74,DE,9.0 ML,SS,1,6916
DE74,DE,9.0 ML,SS,2,6921
DE75,DE,9.0 ML,SS,1,6920
DE75,DE,9.0 ML,SS,2,6925
DE75,DE,9.0 ML,SS,3,6930
DE75,DE,9.0 ML,SS,4,6935
DE75,DE,9.0 ML,SS,5,6940
DE75,DE,9.0 ML,SS,6,6945
GL70,GL,3.0 MU,SS,1,710
GL70,GL,3.0 MU,SS,2,711
GL70,GL,3.0 MU,SS,3,716
GL70,GL,3.0 MU,SS,4,717
GL70,GL,3.0 MU,SS,5,722
GL70,GL,3.0 MU,SS,6,723
GL70,GL,3.0 MU,SS,7,728
GL70,GL,3.0 MU,SS,8,729
GL70,GL,3.0 MU,SS,9,734
GL70,GL,3.0 MU,SS,10,735
GL70,GL,3.0 MU,SS,11,740
GL70,GL,3.0 MU,SS,12,741
GL71,GL,3.0 MU,SS,1,712
GL71,GL,3.0 MU,SS,2,713
GL71,GL,3.0 MU,SS,3,718
GL71,GL,3.0 MU,SS,4,719
GL71,GL,3.0 MU,SS,5,724
GL71,GL,3.0 MU,SS,6,725
GL71,GL,3.0 MU,SS,7,730
GL71,GL,3.0 MU,SS,8,731
GL71,GL,3.0 MU,SS,9,736
GL71,GL,3.0 MU,SS,10,737
GL71,GL,3.0 MU,SS,11,742
GL71,GL,3.0 MU,SS,12,743
GL71,GL,3.0 MU,SS,13,746
GL71,GL,3.0 MU,SS,14,707
GL72,GL,3.0 MU,SS,1,714
GL72,GL,3.0 MU,SS,2,715
GL72,GL,3.0 MU,SS,3,720
GL72,GL,3.0 MU,SS,4,721
GL72,GL,3.0 MU,SS,5,726
GL72,GL,3.0 MU,SS,6,727
GL72,GL,3.0 MU,SS,7,732
GL72,GL,3.0 MU,SS,8,733
GL72,GL,3.0 MU,SS,9,738
GL72,GL,3.0 MU,SS,10,739
GL72,GL,3.0 MU,SS,11,744
GL72,GL,3.0 MU,SS,12,745
GL72,GL,3.0 MU,SS,13,X74
GL72,GL,3.0 MU,SS,14,709
HE76,HE,4.0 MU,SS,1,XB40
HE76,HE,4.0 MU,SS,2,513
HE76,HE,4.0 MU,SS,3,510
HE76,HE,4.0 MU,SS,4,515
HE76,HE,4.0 MU,SS,5,514
HE76,HE,4.0 MU,SS,6,519
HE76,HE,4.0 MU,SS,7,518
HE76,HE,4.0 MU,SS,8,523
HE76,HE,4.0 MU,SS,9,522
HE76,HE,4.0 MU,SS,10,527
HE76,HE,4.0 MU,SS,11,526
HE76,HE,4.0 MU,SS,12,531
HD70,HD,5.0 PP,SU,1,XB28
HD70,HD,5.0 PP,SU,2,1701
HD70,HD,5.0 PP,SU,3,1704
HD70,HD,5.0 PP,SU,4,XD19
HD70,HD,5.0 PP,SU,5,XD20
HD70,HD,5.0 PP,SU,6,1867
HD70,HD,5.0 PP,SU,7,1866
HD70,HD,5.0 PP,SU,8,1873
HD70,HD,5.0 PP,SU,9,1872
HD70,HD,5.0 PP,SU,10,1729
HD70,HD,5.0 PP,SU,11,1730
HD70,HD,5.0 PP,SU,12,XD75
HD70,HD,5.0 PP,SU,13,XD76
HD70,HD,5.0 PP,SU,14,1839
HD71,HD,5.0 PP,SS,1,XB30
HD71,HD,5.0 PP,SS,2,X173
HD71,HD,5.0 PP,SS,3,1752
HD71,HD,5.0 PP,SS,4,1859
HD71,HD,5.0 PP,SS,5,1858
HD71,HD,5.0 PP,SS,6,1715
HD71,HD,5.0 PP,SS,7,1716
HD71,HD,5.0 PP,SS,8,1879
HD71,HD,5.0 PP,SS,9,1878
HD71,HD,5.0 PP,SS,10,XD69
HD71,HD,5.0 PP,SS,11,XD70
HD71,HD,5.0 PP,SS,12,1787
HD71,HD,5.0 PP,SS,13,1786
HD71,HD,5.0 PP,SS,14,XB39
HD72,HD,5.0 PP,SU,1,XB32
HD72,HD,5.0 PP,SU,2,1855
HD72,HD,5.0 PP,SU,3,1854
HD72,HD,5.0 PP,SU,4,1711
HD72,HD,5.0 PP,SU,5,1712
HD72,HD,5.0 PP,SU,6,1871
HD72,HD,5.0 PP,SU,7,1870
HD72,HD,5.0 PP,SU,8,1727
HD72,HD,5.0 PP,SU,9,1728
HD72,HD,5.0 PP,SU,10,XD67
HD72,HD,5.0 PP,SU,11,XD68
HD72,HD,5.0 PP,SU,12,1837
HD72,HD,5.0 PP,SU,13,X09
HD73,HD,5.0 PP,SU,1,XB34
HD73,HD,5.0 PP,SU,2,1705
HD73,HD,5.0 PP,SU,3,1706
HD73,HD,5.0 PP,SU,4,1713
HD73,HD,5.0 PP,SU,5,1714
HD73,HD,5.0 PP,SU,6,1721
HD73,HD,5.0 PP,SU,7,1722
HD73,HD,5.0 PP,SU,8,XD45
HD73,HD,5.0 PP,SU,9,XD46
HD73,HD,5.0 PP,SU,10,1881
HD73,HD,5.0 PP,SU,11,1880
HD73,HD,5.0 PP,SU,12,XB23
HD73,HD,5.0 PP,SU,13,XB28
HD73,HD,5.0 PP,SU,14,1101
HD74,HD,6.0 MLD,SU,1,XB36
HD74,HD,6.0 MLD,SU,2,1857
HD74,HD,6.0 MLD,SU,3,1856
HD74,HD,6.0 MLD,SU,4,1863
HD74,HD,6.0 MLD,SU,5,1862
HD74,HD,6.0 MLD,SU,6,XD37
HD74,HD,6.0 MLD,SU,7,XD38
HD74,HD,6.0 MLD,SU,8,1723
HD74,HD,6.0 MLD,SU,9,1724
HD74,HD,6.0 MLD,SU,10,1731
HD74,HD,6.0 MLD,SU,11,1732
HD74,HD,6.0 MLD,SU,12,XD77
HD74,HD,6.0 MLD,SU,13,XD78
HD74,HD,6.0 MLD,SU,14,XB27
HD75,HD,6.0 MLD,SS,1,XB38
HD75,HD,6.0 MLD,SS,2,1707
HD75,HD,6.0 MLD,SS,3,1708
HD75,HD,6.0 MLD,SS,4,XD27
HD75,HD,6.0 MLD,SS,5,XD28
HD75,HD,6.0 MLD,SS,6,1717
HD75,HD,6.0 MLD,SS,7,1718
HD75,HD,6.0 MLD,SS,8,1725
HD75,HD,6.0 MLD,SS,9,1726
HD75,HD,6.0 MLD,SS,10,1733
HD75,HD,6.0 MLD,SS,11,1784
HD75,HD,6.0 MLD,SS,12,XD79
HD75,HD,6.0 MLD,SS,13,XD80
HD75,HD,6.0 MLD,SS,14,XB31
HD76,HD,6.0 MLD,SS,1,XB48
HD76,HD,6.0 MLD,SS,2,1709
HD76,HD,6.0 MLD,SS,3,1710
HD76,HD,6.0 MLD,SS,4,1719
HD76,HD,6.0 MLD,SS,5,1720
HD76,HD,6.0 MLD,SS,6,1877
HD76,HD,6.0 MLD,SS,7,1876
HD76,HD,6.0 MLD,SS,8,XD63
HD76,HD,6.0 MLD,SS,9,XD64
HD76,HD,6.0 MLD,SS,10,1835
HD76,HD,6.0 MLD,SS,11,X180
HD76,HD,6.0 MLD,SS,12,1801
HD76,HD,6.0 MLD,SS,13,X186
HD76,HD,6.0 MLD,SS,14,XB45
HD77,HD,5.0 PP,SU,1,XT04
HD77,HD,5.0 PP,SU,2,1789
HD77,HD,5.0 PP,SU,3,X05
PO70,PO,5.0 PP,SU,1,70
PO70,PO,5.0 PP,SU,2,XD15
PO70,PO,5.0 PP,SU,3,XD16
PO70,PO,5.0 PP,SU,4,71
PO71,PO,5.0 PP,SS,1,72
PO71,PO,5.0 PP,SS,2,XD25
PO71,PO,5.0 PP,SS,3,XD26
PO71,PO,5.0 PP,SS,4,73
PO71,PO,5.0 PP,SS,5,78
PO71,PO,5.0 PP,SS,6,79
PO72,PO,5.0 PP,SS,1,74
PO72,PO,5.0 PP,SS,2,XD31
PO72,PO,5.0 PP,SS,3,XD32
PO72,PO,5.0 PP,SS,4,75
PO72,PO,5.0 PP,SS,5,80
PO72,PO,5.0 PP,SS,6,XD65
PO72,PO,5.0 PP,SS,7,XD66
PO72,PO,5.0 PP,SS,8,81
PO73,PO,5.0 PP,SU,1,76
PO73,PO,5.0 PP,SU,2,XD41
PO73,PO,5.0 PP,SU,3,XD42
PO73,PO,5.0 PP,SU,4,77
PO73,PO,5.0 PP,SU,5,82
PO73,PO,5.0 PP,SU,6,41
SV70,SV,5.0 PP,SS,1,2100
SV70,SV,5.0 PP,SS,2,2103
SV70,SV,5.0 PP,SS,3,2108
SV70,SV,5.0 PP,SS,4,2111
SV70,SV,5.0 PP,SS,5,2114
SV70,SV,5.0 PP,SS,6,XD49
SV70,SV,5.0 PP,SS,7,XD50
SV70,SV,5.0 PP,SS,8,2121
SV70,SV,5.0 PP,SS,9,2124
SV70,SV,5.0 PP,SS,10,2129
SV71,SV,4.0 PP,SS,1,2102
SV71,SV,4.0 PP,SS,2,XD13
SV71,SV,4.0 PP,SS,3,XD14
SV71,SV,4.0 PP,SS,4,2107
SV71,SV,4.0 PP,SS,5,2112
SV71,SV,4.0 PP,SS,6,2115
SV71,SV,4.0 PP,SS,7,2118
SV71,SV,4.0 PP,SS,8,2123
SV71,SV,4.0 PP,SS,9,2126
SV71,SV,4.0 PP,SS,10,XD71
SV71,SV,4.0 PP,SS,11,XD72
SV71,SV,4.0 PP,SS,12,2133
SV72,SV,4.0 PP,SS,1,2104
SV72,SV,4.0 PP,SS,2,XD23
SV72,SV,4.0 PP,SS,3,XD24
SV72,SV,4.0 PP,SS,4,1869
SV72,SV,4.0 PP,SS,5,1868
SV72,SV,4.0 PP,SS,6,1875
SV72,SV,4.0 PP,SS,7,1874
SV72,SV,4.0 PP,SS,8,2125
SV73,SV,4.0 PP,SS,1,2106
SV73,SV,4.0 PP,SS,2,XD29
SV73,SV,4.0 PP,SS,3,XD30
SV73,SV,4.0 PP,SS,4,2117
SV74,SV,4.0 PP,SS,1,2110
SV74,SV,4.0 PP,SS,2,XD39
SV74,SV,4.0 PP,SS,3,XD40
SV74,SV,4.0 PP,SS,4,2119
SV74,SV,4.0 PP,SS,5,2122
SV74,SV,4.0 PP,SS,6,1883
SV74,SV,4.0 PP,SS,7,1882
SV74,SV,4.0 PP,SS,8,2101
